{"cameraMode":{"drawMode":0,"name":"Shaded","section":"Shading Mode"},"sceneLighting":false,"audioPlay":false,"sceneViewState":{"showFog":true,"showMaterialUpdate":false,"showSkybox":false,"showFlares":true,"showImageEffects":true,"showParticleSystems":true,"showVisualEffectGraphs":true,"m_FxEnabled":true},"in2DMode":false,"pivot":{"x":-3.305757999420166,"y":-1.4307703971862794,"z":-1.4990124702453614},"rotation":{"x":-0.10809618979692459,"y":-0.0068633416667580608,"z":0.000745164870750159,"w":-0.9941237568855286},"size":9.481832504272461,"orthographic":false}